Question Type,Question,Human_Answer
Probability,"Explain what is wrong with the following statements. Use complete sentences.
1. If there is a 60% chance of rain on Saturday and a 70% chance of rain on Sunday, then there
is a 130% chance of rain over the weekend.
2. The probability that a baseball player hits a home run is greater than the probability that he
gets a successful hit. ","1. You canâ€™t calculate the joint probability knowing the probability of both events occurring,
which is not in the information given; the probabilities should be multiplied, not added; and
probability is never greater than 100%
2. A home run by definition is a successful hit, so he has to have at least as many successful hits
as home runs. "
Probability,"Let event C = taking an English class. Let event D = taking a speech class.
Suppose P(C) = 0.75, P(D) = 0.3, P(C|D) = 0.75 and P(C AND D) = 0.225.
Justify your answers to the following questions numerically. 
1. Are C and D independent?
2. Are C and D mutually exclusive?
3. What is P(D|C)? ","1. Yes, because P(C|D) = P(C).
2. No, because P(C AND D) is not equal to zero.
3. P(D|C) = P(C AND D) / P(C)= 0.225/0.75= 0.3 "
Probability,"An experiment consists of tossing a nickel, a dime, and a quarter. Of interest is the side the coin
lands on.
1. List the sample space.
2. Let A be the event that there are at least two tails. Find P(A).
3. Let B be the event that the first and second tosses land on heads. Are the events A
and B mutually exclusive? Explain your answer in one to three complete sentences,
including justification. ","1. S = {(HHH), (HHT), (HTH), (HTT), (THH), (THT), (TTH), (TTT)}
2. 4/8
3. Yes, because if A has occurred, it is impossible to obtain two tails. In other words, P(A
AND B) = 0. "
Probability,"Roll one fair, six-sided die. The sample space is {1, 2, 3, 4, 5, 6}. Let event A = a face is odd. Then A =
{1, 3, 5}. Let event B = a face is even. Then B = {2, 4, 6}.
â€¢ Find the complement of A, Aâ€². The complement of A, Aâ€², is B because A and B together make
up the sample space. P(A) + P(B) = P(A) + P(Aâ€²) = 1. Also, P(A) = 3/6 and P(B) = 3/6 .
â€¢ Let event C = odd faces larger than two. Then C = {3, 5}. Let event D = all even faces smaller
than five. Then D = {2, 4}. P(C AND D) = 0 because you cannot have an odd and even face at
the same time. Therefore, C and D are mutually exclusive events.
â€¢ Let event E = all faces less than five. E = {1, 2, 3, 4}.
Are C and E mutually exclusive events? (Answer yes or no.) Why or why not? ","No. C = {3, 5} and E = {1, 2, 3, 4}. P(C AND E) = 1/6. To be mutually exclusive, P(C AND E) must be
zero.
We can also find P(C|A), a conditional probability. Recall that the event C is {3, 5} and event A is {1, 3,
5}. To find P(C|A), find the probability of C using the sample space A. You have reduced the sample
space from the original sample space {1, 2, 3, 4, 5, 6} to {1, 3, 5}. So, P(C|A) = 2/3. "
Probability,"United Blood Services is a blood bank that serves more than 500 hospitals in 18 states. According
to their website, a person with type O blood and a negative Rh factor (Rh-) can donate blood to
any person with any blood type. Their data show that 43% of people have type O blood and 15% of
people have Rh- factor; 52% of people have type O or Rh- factor.
1. Find the probability that a person has both type O blood and the Rh- factor.
2. Find the probability that a person does NOT have both type O blood and the Rh- factor. ","1. P(type O OR Rh-) = P(type O) + P(Rh-) â€“ P(type O AND Rh-)
0.52 = 0.43 + 0.15 â€“ P(type O AND Rh-); solve to find P(type O AND Rh-) = 0.06
6% of people have type O, Rh- blood
2. P(NOT(type O AND Rh-)) = 1 â€“ P(type O AND Rh-) = 1 â€“ 0.06 = 0.94
94% of people do not have type O, Rh- blood "
Probability,"In a basketball arena,
â€¢ 70% of the fans are rooting for the home team.
â€¢ 25% of the fans are wearing blue.
â€¢ 20% of the fans are wearing blue and are rooting for the away team.
â€¢ Of the fans rooting for the away team, 67% are wearing blue.
Let A be the event that a fan is rooting for the away team. 
Let B be the event that a fan is wearing blue.
Are the events of rooting for the away team and wearing blue independent? Are they mutually
exclusive?","P(B|A) = 0.67
P(B) = 0.25
So P(B) does not equal P(B|A) which means that B and A are not independent (wearing blue and
rooting for the away team are not independent). They are also not mutually exclusive, because P(B
AND A) = 0.20, not 0. "
Probability,"A school has 200 seniors of whom 140 will be going to college next year. Forty will be going directly to work. 
The remainder are taking a gap year. Of the seniors going to college, fifty play sports. Of the seniors going
 directly to work, thirty play sports. Five of the seniors taking a gap year play sports.

1. What is the probability that a senior is taking a gap year?
2. Are â€œtaking a gap yearâ€ and â€œplaying sportsâ€ independent events?
3. Are â€œgoing to collegeâ€ and â€œtaking a gap yearâ€ independent events?","1. (200 - 140 - 40) / 200 = 20 / 200 = 0.1

2. Let A = â€œtaking a gap yearâ€ and B = â€œplaying sports.â€
P(A) = 0.1 from step one.
P(B) = (50 + 30 + 5) / 200 = 85 / 200 = 0.425
P(A) Ã— P(B) = 0.1 Ã— 0.425 = 0.0425
P(A AND B) = 5 / 200 = 0.025
Since 0.0425 is not equal to 0.025, the events are not independent.

3. Let A = â€œtaking a gap yearâ€ and B = â€œgoing to college.â€
P(A) = 0.1
P(B) = 140 / 200 = 0.7
P(A) Ã— P(B) = 0.1 Ã— 0.7 = 0.07
P(A AND B) = 0
Since 0.07 is not equal to 0, the events are not independent.

They are, however, mutually exclusive."
Probability,"A hospital researcher is interested in the number of times the average post-op patient will ring the nurse 
during a 12-hour shift. For a random sample of 50 patients, the following information was obtained. What is the expected value?

x	|.  P(x)
0	| P(0)=4/50
1	| P(1)=8/50
2	| P(2)=16/50
3	| P(3)=14/50
4	| P(4)=6/50
5	| P(5)=2/50","Since 
0â‹…4/50+1â‹…8/50+2â‹…16/50+3â‹…14/50+4â‹…6/50+5â‹…2/50=2.32, the expected value is 2.32. This means that 
over many days and weeks in the hospital, post-op patients will ring the nurse an average of 2.32 times per 12-hour shift.

We write the mean as Î¼=2.32, and when referring to the random variable X = the number of times the 
average post-op patient will ring the nurse during a 12-hour shift, we write E[X]=2.32."
Probability,"You are playing a game by drawing a card from a standard deck and replacing it. If the card is a face card, you win $30. 
If it is not a face card, you pay $2. There are 12 face cards in a deck of 52 cards. Should you play the game?","Yes, because there is a positive expected value, and the more you play, the more likely you are to get closer to the expected value."
Probability,"A venture capitalist, willing to invest $1,000,000, has three investments to choose from. The first investment, a software company, 
has a 10% chance of returning $5,000,000 profit, a 30% chance of returning $1,000,000 profit, and a 60% chance of losing the 
million dollars. The second company, a hardware company, has a 20% chance of returning $3,000,000 profit, a 40% chance of 
returning $1,000,000 profit, and a 40% chance of losing the million dollars. The third company, a biotech firm, has a 10% chance 
of returning $6,000,000 profit, a 70% of no profit or loss, and a 20% chance of losing the million dollars.

1. Construct a PDF for each investment.
2. Find the expected value for each investment.
3. Which is the safest investment? Why do you think so?
4. Which is the riskiest investment? Why do you think so?
5. Which investment has the highest expected return, on average?","
1. Software Company
x                  |.  P(x)
5,000,000    |    0.10
1,000,000    |   0.30
â€“1,000,000  |      0.60

Hardware Company
x                  |   P(x)
3,000,000    |    0.20
1,000,000    |   0.40
â€“1,000,00    |    0.40
Biotech Firm
x                  |  P(x)
6,00,000      | 0.10
0                  | 0.70
â€“1,000,000  |     0.20

2. $200,000; $600,000; $400,000
3. third investment because it has the lowest probability of loss
4. first investment because it has the highest probability of loss
5. second investment"
Probability,"Approximately 70% of statistics students do their homework in time for it to be collected and graded. Each student does homework
 independently. In a statistics class of 50 students, what is the probability that at least 40 will do their homework on time?

a. This is a binomial problem because there is only a success or a  ____ , there are a fixed number of trials, and the probability 
of a success is 0.70 for each trial.

b. If we are interested in the number of students who do their homework on time, then how do we define X?

c. What values does x take on?

d. What is a â€œfailure,â€ in words?

e. If p+q =1, then what is q?

f. The words â€œat leastâ€ translate as what kind of inequality for the probability question P(X___40).","a. failure
b.  X= the number of statistics students who do their homework on time
c. 0, 1, 2, â€¦, 50
d. Failure is defined as a student who does not complete his or her homework on time. The probability of a success is p = 0.70
. The number of trials is n = 50.
e. q = 0.30
f.  P(X>=40)"
Probability,"Suppose 55% of people pass the state driverâ€™s exam on the first try. You survey fifty randomly chosen adults in the state.

Which of these are binomial problems?

1. The number of the adults who have a driverâ€™s license.
2. The number of the adults who got their driverâ€™s license on the first try.
3. The number of times each adult has taken the driverâ€™s exam.","The first two of the three options can be modeled as a binomial random variable.

In the first scenario, success is having a driverâ€™s license, and each person either does or does not have a current driverâ€™s license. We have n =50 
 trials. Since the adults are drawn randomly among the stateâ€™s population, we just need to know the percentage of adults in the state that have a 
driverâ€™s license, then it can be modeled as a binomial random variable.

The second option, where we ask not only if they have a driverâ€™s license, but if they got it on their first try, is a binomial problem. 
There is only a success or a failure â€“ they did, or did not, get it on the first try â€” and there is a definite number of trials (each person gets one first try for 
n=50). The probability of a success stays the same for each trial at p=0.55 and we can write X~B(50,0.55).

The third option is not binomial. We may get any number of different responses, since it is quite probable that some of these adults took more than one try to pass the exam."
Probability,"According to a Gallup poll, 60% of American adults prefer saving over spending. Let  X =
 the number of American adults out of a random sample of 50 who prefer saving to spending.

1. What is the probability distribution for X?
2. Use your calculator to find the following probabilities:
    i. the probability that 25 adults in the sample prefer saving over spending
    ii.the probability that at most 20 adults prefer saving
    iii.The probability that more than 30 adults prefer saving
3. Using the formulas, calculate the (i) mean and (ii) standard deviation of X.","1. Xâˆ¼B(50,0.6)

2. Using the TI-83, 83+, 84 calculator with instructions as provided:

    i. P(x=25)=binompdf(50,0.6,25)=0.0405

    ii. P(xâ‰¤20)=binomcdf(50,0.6,20)=0.0034

    iii.P(x>30)=1âˆ’binomcdf(50,0.6,30)=1âˆ’0.5535=0.4465

3. i. Mean=np=50(0.6)=30
    ii. StandardÂ Deviation= sqrt(npq) = sqrt(50(0.6)(0.4)) â‰ˆ3.4641"
Probability,"A student takes a ten-question true-false quiz but did not study and randomly guesses each answer. Find the probability that the 
student passes the quiz with a grade of at least 70% of the questions correct.","X = number of questions answered correctly
X ~ B(10,0.5)

We are interested in AT LEAST 70% of ten questions correct. 70% of ten is seven. 
We want to find the probability that X is greater than or equal to seven. The event â€œat least sevenâ€ is the complement of â€œless than or equal to sixâ€.
Using your calculatorâ€™s distribution menu: 1 â€“ binomcdf(10, .5, 6) gives 0.171875
The probability of getting at least 70% of the ten questions correct when randomly guessing is approximately 0.172."
Probability,"An emergency room at a particular hospital gets an average of five patients per hour. A doctor wants to know the probability that 
the ER gets more than five patients per hour. Give the reasons why this would be a Poisson distribution.",This problem wants to find the probability of events occurring in a fixed interval of time with a known average rate (5 per hour). The events are independent.
Probability,"On May 13, 2013, starting at 4:30 PM, the probability of low seismic activity for the next 48 hours in Alaska was reported as about 
1.02%. Use this information for the next 200 days to find the probability that there will be low seismic activity in ten of the next 200
 days. Use both the binomial and Poisson distributions to calculate the probabilities. Are they similar?","Binomial Solution
Let ğ‘‹= the number of days with low seismic activity with ğ‘‹âˆ¼ğµ(200,0.0102).
Then ğ‘ƒ(ğ‘‹=10)=binompdf(200,0.0102,10)â‰ˆ0.000039.

Poisson Solution
Let ğ‘‹= the number of days with low seismic activity with ğœ‡=200â‹…0.0102=2.04, so ğ‘‹âˆ¼ğ‘ƒ(2.04).
Then ğ‘ƒ(ğ‘‹=10)=poissonpdf(2.04,10)â‰ˆ0.000045.

Since ğ‘› is bigger than 20 ( ğ‘›=200 ) and ğ‘ is small ( ğ‘=0.0102<0.05 ), we expect the approximation from the Poisson to be good. 
The results are very similar, with both probabilities being near zero. Ten days of seismic activity is not very likely."
Probability,"Ace Heating and Air Conditioning Service finds that the amount of time a repairman needs to fix a
furnace is uniformly distributed between 1.5 and four hours. Let x = the time needed to fix a
furnace. Then x ~ U (1.5, 4).
1. Find the probability that a randomly selected furnace repair requires more than two hours.
2. Find the probability that a randomly selected furnace repair requires less than three hours.
3. Find the 30th percentile of furnace repair times.
4. The longest 25% of furnace repair times take at least how long? (In other words: find the
minimum time for the longest 25% of repair times.) What percentile does this represent?
5. Find the mean and standard deviation ","1. To find f(x): f (x) = 1 / (4 - 1.5) = 1 / 2.5 so f(x) = 0.4
P(x > 2) = (base)(height) = (4 â€“ 2)(0.4) = 0.8
Uniform Distribution between 1.5 and four with shaded area between two and four representing
the probability that the repair time x is greater than two. 

2. P(x < 3) = (base)(height) = (3 â€“ 1.5)(0.4) = 0.6
The graph of the rectangle showing the entire distribution would remain the same. However the
graph should be shaded between x = 1.5 and x = 3. Note that the shaded area starts at x = 1.5 rather
than at x = 0; since X ~ U (1.5, 4), x can not be less than 1.5.
Uniform Distribution between 1.5 and four with shaded area between 1.5 and three representing
the probability that the repair time x is less than three. 

3. Uniform Distribution between 1.5 and 4 with an area of 0.30 shaded to the left, representing the
shortest 30% of repair times. 
P (x < k) = 0.30
P(x < k) = (base)(height) = (k â€“ 1.5)(0.4)
0.3 = (k â€“ 1.5) (0.4); Solve to find k:
0.75 = k â€“ 1.5, obtained by dividing both sides by 0.4
k = 2.25 , obtained by adding 1.5 to both sides
The 30th percentile of repair times is 2.25 hours. 30% of repair times are 2.5 hours or less. 

4. Uniform Distribution between 1.5 and 4 with an area of 0.25 shaded to the right representing the
longest 25% of repair times. 

P(x > k) = 0.25
P(x > k) = (base)(height) = (4 â€“ k)(0.4)
0.25 = (4 â€“ k)(0.4); Solve for k:
0.625 = 4 âˆ’ k,
obtained by dividing both sides by 0.4 
âˆ’3.375 = âˆ’k,
obtained by subtracting four from both sides: k = 3.375
The longest 25% of furnace repairs take at least 3.375 hours (3.375 hours or longer).
Note: Since 25% of repair times are 3.375 hours or longer, that means that 75% of repair times are
3.375 hours or less. 3.375 hours is the 75th percentile of furnace repair times. 

5.  Î¼= a+b / 2 and Ïƒ= sqrt [ (b-a)^2/12)]
 Î¼= 1.5+4 / 2 = 2.75 hours and Ïƒ= sqrt [ (4-1.5)^2/12)] =0.7217 hours"
Probability,"At a police station in a large city, calls come in at an average rate of four calls per minute. Assume
that the time that elapses from one call to the next has the exponential distribution. Take note that
we are concerned only with the rate at which calls come in, and we are ignoring the time spent on
the phone. We must also assume that the times spent between calls are independent. This means
that a particularly long delay between two calls does not mean that there will be a shorter waiting
period for the next call. We may then deduce that the total number of calls received during a time
period has the Poisson distribution.
1. Find the average time between two successive calls.
2. Find the probability that after a call is received, the next call occurs in less than ten seconds.
3. Find the probability that exactly five calls occur within a minute.
4. Find the probability that less than five calls occur within a minute.
5. Find the probability that more than 40 calls occur in an eight-minute period. ","1. On average there are four calls that occur per minute, so 15 seconds, or 15/60 = 0.25 minutes,
occur between successive calls on average.

2. Let T = time elapsed between calls. From part a, Î¼ = 0.25, so m = 1/0.25 = 4. Thus, T âˆ¼ Exp(4).
The cumulative distribution function is P(T < t) = 1 â€“ eâ€“4t.
The probability that the next call occurs in less than ten seconds (ten seconds = 1/6 minute) is P(T < 1/6) = 1 - e^(-4*1/6) = 0.4866

3. Let X = the number of calls per minute. As previously stated, the number of calls per minute
has a Poisson distribution, with a mean of four calls per minute.
Therefore, X âˆ¼ Poisson(4), and so P(X = 5) = [(4^5) * (e^-4)] / 5! â‰ˆ 0.1563. (5! = (5)(4)(3)(2)(1))
poissonpdf(4, 5) = 0.1563.

4. Keep in mind that X must be a whole number, so P(X < 5) = P(X â‰¤ 4).
To compute this, we could take P(X = 0) + P(X = 1) + P(X = 2) + P(X = 3) + P(X = 4).
Using technology, we see that P(X â‰¤ 4) = 0.6288.
poisssoncdf(4, 4) = 0.6288

5. Let Y = the number of calls that occur during an eight minute period.
Since there is an average of four calls per minute, there is an average of (8)(4) = 32 calls
during each eight minute period.
Hence, Y âˆ¼ Poisson(32). Therefore, P(Y > 40) = 1 â€“ P (Y â‰¤ 40) = 1 â€“ 0.9294 = 0.0707.
1 â€“ poissoncdf(32, 40). = 0.0707"
Probability,"In a small city, the number of automobile accidents occur with a Poisson distribution at an average
of three per week.
1. Calculate the probability that there are at most 2 accidents that occur in any given week.
2. What is the probability that there is at least two weeks between any 2 accidents? ","1. Let X = the number of accidents per week, so that X âˆ¼ Poisson(3). We need to find P(X â‰¤ 2)
â‰ˆ 0.4232
poissoncdf(3, 2)
2. Let T = the time (in weeks) between successive accidents.
Since the number of accidents occurs with a Poisson distribution, the time between accidents
follows the exponential distribution.
If there are an average of three per week, then on average there is Î¼ = 1/3 of a week between
accidents, and the decay parameter is m = 1 / (1/3) = 3.
To find the probability that there are at least two weeks between two accidents, P(T > 2) = 1
â€“ P(T < 2) = 1 â€“ (1 â€“ e(â€“3)(2)) = e
â€“6 â‰ˆ 0.0025.
e^(-3*2). "
Probability,"There are approximately one billion smartphone users in the world today. In the United States the
ages 13 to 55+ of smartphone users approximately follow a normal distribution with approximate mean and
 standard deviation of 36.9 years and 13.9 years respectively. Using this information,
answer the following questions (round answers to one decimal place). 
a. Calculate the interquartile range (IQR). 
b. Forty percent of the ages that range from 13 to 55+ are at least what age?","a. IQR = Q3 â€“ Q1
Calculate Q3 = 75th
percentile and Q1 = 25th percentile.
invNorm(0.75,36.9,13.9) = Q3 = 46.2754
invNorm(0.25,36.9,13.9) = Q1 = 27.5246
IQR = Q3 â€“ Q1 = 18.7508 

b. Find k where P(x > k) = 0.40 (â€œAt leastâ€ translates to â€œgreater than or equal to.â€)
0.40 = the area to the right.
Area to the left = 1 â€“ 0.40 = 0.60.
The area to the left of k = 0.60.
invNorm(0.60,36.9,13.9) = 40.4215.
k = 40.42.
Forty percent of the ages that range from 13 to 55+ are at least 40.42 years. "
Hypothesis Testing,"A medical trial is conducted to test whether or not a new medicine reduces cholesterol by 25%.
State the null and alternative hypotheses","H0: The drug reduces cholesterol by 25%. p = 0.25
Ha: The drug does not reduce cholesterol by 25%. p â‰  0.25 "
Hypothesis Testing,"We want to test if college students take less than five years to graduate from college, on the
average. The null and alternative hypotheses are: ","H0: Î¼ â‰¥ 5
Ha: Î¼ < 5 "
Hypothesis Testing,"Suppose the null hypothesis, H0, is: the blood cultures contain no traces of pathogen X. State the
Type I and Type II errors. ","Type I error: The researcher thinks the blood cultures do contain traces of pathogen X, when in
fact, they do not.
Type II error: The researcher thinks the blood cultures do not contain traces of pathogen X, when
in fact, they do. "
Hypothesis Testing,"Suppose the null hypothesis, H0, is: a patient is not sick. Which type of error has the
greater consequence, Type I or Type II?","The error with the greater consequence is the Type II error: the patient will be thought well
when, in fact, he is sick, so he will not get treatment. "
Hypothesis Testing,"â€œRed tideâ€ is a bloom of poison-producing algaeâ€”a few different species of a class of plankton
called dinoflagellates. When the weather and water conditions cause these blooms, shellfish such
as clams living in the area develop dangerous levels of a paralysis-inducing toxin. In Massachusetts,
the Division of Marine Fisheries (DMF) monitors levels of the toxin in shellfish by regular sampling
of shellfish along the coastline. If the mean level of toxin in clams exceeds 800 Î¼g (micrograms) of
toxin per kg of clam meat in any area, clam harvesting is banned there until the bloom is over and
levels of toxin in clams subside. Describe both a Type I and a Type II error in this context, and state
which error has the greater consequence. ","In this scenario, an appropriate null hypothesis would beH0: the mean level of toxins is at most 800
Î¼g, H0 : Î¼0 â‰¤ 800 Î¼g.
Type I error: The DMF believes that toxin levels are still too high when, in fact, toxin levels are at
most 800 Î¼g. The DMF continues the harvesting ban.
Type II error: The DMF believes that toxin levels are within acceptable levels (are at least 800 Î¼g)
when, in fact, toxin levels are still too high (more than 800 Î¼g). The DMF lifts the harvesting ban.
This error could be the most serious. If the ban is lifted and clams are still toxic, consumers could
possibly eat tainted food. "
Hypothesis Testing,"A certain experimental drug claims a cure rate of at least 75% for males with prostate cancer.
Describe both the Type I and Type II errors in context. Which error is the more serious? ","Type I: A cancer patient believes the cure rate for the drug is less than 75% when it actually is at
least 75%.
Type II: A cancer patient believes the experimental drug has at least a 75% cure rate when it has a
cure rate that is less than 75%.
In this scenario, the Type II error contains the more severe consequence. If a patient believes the
drug works at least 75% of the time, this most likely will influence the patientâ€™s (and doctorâ€™s)
choice about whether to use the drug as a treatment option. "
Hypothesis Testing,"Itâ€™s a Boy Genetics Labs claim their procedures improve the chances of a boy being born. The results
for a test of a single population proportion are as follows:
H0: p = 0.50, Ha: p > 0.50
Î± = 0.01
p-value = 0.025
Interpret the results and state a conclusion in simple, non-technical terms. ","Since the p-value is greater than the established alpha value (the p-value is high), we do not reject
the null hypothesis. There is not enough evidence to support Itâ€™s a Boy Genetics Labsâ€™ stated claim
that their procedures improve the chances of a boy being born. "
Hypothesis Testing,"A college football coach thought that his players could bench press a mean weight of 275 pounds. It
is known that the standard deviation is 55 pounds. Three of his players thought that the mean
weight was more than that amount. They asked 30 of their teammates for their estimated
maximum lift on the bench press exercise. The data ranged from 205 pounds to 385 pounds. The
actual different weights were (frequencies are in parentheses)
205(3)215(3)225(1)241(2)252(2)265(2)275(2)313(2)316(5)338(2)341(1)345(2)368(2)385(1).
Conduct a hypothesis test using a 2.5% level of significance to determine if the bench press mean is
more than 275 pounds. ","Since the problem is about a mean weight, this is a test of a single population mean.
H0: Î¼ = 275
Ha: Î¼ > 275
This is a right-tailed test.
Calculating the distribution needed:
Random variable: XÂ¯= the mean weight, in pounds, lifted by the football players.
Distribution for the test: It is normal because Ïƒ is known.
XÂ¯N (275, 55/sqrt(30)) 
xÂ¯ = 286.2 pounds (from the data). 
Ïƒ = 55 pounds, We assume Î¼ = 275 pounds unless our data shows us otherwise.
p value = P(xÂ¯ > 286.2) = 0.1323

Calculate the p-value using the normal distribution for a mean and using the sample mean as input:
Interpretation of the p-value: If H0 is true, then there is a 0.1331 probability (13.23%) that the
football players can lift a mean weight of 286.2 pounds or more. Because a 13.23% chance is large
enough, a mean weight lift of 286.2 pounds or more is not a rare event. 

Compare Î± and the p-value:
Î± = 0.025 p-value = 0.1323
Make a decision: Since Î± <p-value, do not reject H0.
Conclusion: At the 2.5% level of significance, from the sample data, there is not sufficient evidence
to conclude that the true mean weight lifted is more than 275 pounds.
The p-value can easily be calculated. "
Hypothesis Testing,"It is believed that a stock price for a particular company will grow at a rate of ğŸ’²5 per week with a
standard deviation of ğŸ’²1. An investor believes the stock wonâ€™t grow as quickly. The changes in stock price
 is recorded for ten weeks and are as follows: ğŸ’²4, ğŸ’²3, ğŸ’²2, ğŸ’²3, ğŸ’²1, ğŸ’²7, ğŸ’²2, ğŸ’²1,
ğŸ’²1, ğŸ’²2. Perform a hypothesis test using a 5% level of significance. State the null and alternative
hypotheses, find the p-value, state your conclusion, and identify the Type I and Type II errors. ","H0: Î¼ = 5
Ha: Î¼ < 5
p = 0.0082
Because p < Î±, we reject the null hypothesis. There is sufficient evidence to suggest that the stock
price of the company grows at a rate less than ğŸ’²5 a week.
Type I Error: To conclude that the stock price is growing slower than ğŸ’²5 a week when, in fact, the
stock price is growing at ğŸ’²5 a week (reject the null hypothesis when the null hypothesis is true).
Type II Error: To conclude that the stock price is growing at a rate of ğŸ’²5 a week when, in fact, the
stock price is growing slower than ğŸ’²5 a week (do not reject the null hypothesis when the null
hypothesis is false). "
Hypothesis Testing,"Marketers believe that 92% of adults in the United States own a cell phone. A cell phone
manufacturer believes that number is actually lower. 200 American adults are surveyed, of which,
174 report having cell phones. Use a 5% level of significance. State the null and alternative
hypothesis, find the p-value, state your conclusion, and identify the Type I and Type II errors. ","H0: p = 0.92
Ha: p < 0.92
p-value = 0.0046
Because p < 0.05, we reject the null hypothesis. There is sufficient evidence to conclude that fewer
than 92% of American adults own cell phones.
Type I Error: To conclude that fewer than 92% of American adults own cell phones when, in fact,
92% of American adults do own cell phones (reject the null hypothesis when the null hypothesis is
true).
Type II Error: To conclude that 92% of American adults own cell phones when, in fact, fewer than
92% of American adults own cell phones (do not reject the null hypothesis when the null
hypothesis is false). "
Hypothesis Testing,"A study is done to determine if Company A retains its workers longer than Company B. Company A
samples 15 workers, and their average time with the company is five years with a standard
deviation of 1.2. Company B samples 20 workers, and their average time with the company is 4.5
years with a standard deviation of 0.8. The populations are normally distributed. 
1. Are the population standard deviations known?
2. Conduct an appropriate hypothesis test. At the 5% significance level, what is your
conclusion? ","1. They are unknown.
2. The p-value = 0.0878. At the 5% level of significance, there is insufficient evidence to
conclude that the workers of Company A stay longer with the company. "
Hypothesis Testing,"An interested citizen wanted to know if Democratic U. S. senators are older than
Republican U.S. senators, on average. On May 26 2013, the mean age of 30 randomly selected
Republican Senators was 61 years 247 days old (61.675 years) with a standard deviation of 10.17
years. The mean age of 30 randomly selected Democratic senators was 61 years 257 days old
(61.704 years) with a standard deviation of 9.55 years. Do the data indicate that Democratic senators are older than 
Republican senators, on average? Test at a 5% level of significance. ","This is a test of two independent groups, two population means. The population standard
deviations are unknown, but the sum of the sample sizes is 30 + 30 = 60, which is greater than 30,
so we can use the normal approximation to the Studentâ€™s-t distribution. Subscripts: 1: Democratic
senators 2: Republican senators
Random variable: X1Â¯ - X2Â¯= difference in the mean age of Democratic and Republican U.S.
senators.
H0: Âµ1 â‰¤ Âµ2 H0: Âµ1 â€“ Âµ2 â‰¤ 0
Ha: Âµ1 > Âµ2 Ha: Âµ1 â€“ Âµ2 > 0 

The words â€œolder thanâ€ translates as a â€œ>â€ symbol and goes into Ha. Therefore, this is a right-tailed test.
Distribution for the test: The distribution is the normal approximation to the Studentâ€™s t for means,
independent groups. Using the formula, the distribution is:

X1Â¯ - X2Â¯ ~ N [ 0, sqrt [ (9.55^2 / 30) + (10.17^2 / 30)]

Since Âµ1 â‰¤ Âµ2, Âµ1 â€“ Âµ2 â‰¤ 0 and the mean for the normal distribution is zero.
(Calculating the p-value using the normal distribution gives p-value = 0.4040) 

Compare Î± and the p-value:Î± = 0.05 and p-value = 0.4040. Therefore, Î± < p-value.
Make a decision: Since Î± < p-value, do not reject H0.
Conclusion: At the 5% level of significance, from the sample data, there is not sufficient evidence to
conclude that the mean age of Democratic senators is greater than the mean age of the Republican
senators. "
Hypothesis Testing,"Two types of valves are being tested to determine if there is a difference in pressure tolerances.
Fifteen out of a random sample of 100 of Valve A cracked under 4,500 psi. Six out of a random
sample of 100 of Valve B cracked under 4,500 psi. Test at a 5% level of significance. ","Two types of valves are being tested to determine if there is a difference in pressure tolerances.
Fifteen out of a random sample of 100 of Valve A cracked under 4,500 psi. Six out of a random
sample of 100 of Valve B cracked under 4,500 psi. Test at a 5% level of significance. "
Hypothesis Testing,"Two types of medication for hives are being tested to determine if there is a difference in the
proportions of adult patient reactions. Twenty out of a random sample of 200 adults given
medication A still had hives 30 minutes after taking the medication. Twelve out of another random
sample of 200 adults given medication B still had hives 30 minutes after taking the medication.
Test at a 1% level of significance. ","The problem asks for a difference in proportions, making it a test of two proportions.
Let A and B be the subscripts for medication A and medication B, respectively. Then pA and pB are
the desired population proportions.
Random Variable: Pâ€²A â€“ Pâ€²B = difference in the proportions of adult patients who did not react after
30 minutes to medication A and to medication B.
H0: pA = pB
pA â€“ pB = 0
Ha: pA â‰  pB
pA â€“ pB â‰  0
The words â€œis a differenceâ€ tell you the test is two-tailed. 

Distribution for the test: Since this is a test of two binomial population proportions, the distribution is normal:

pc = (xA + xB) / (nA + nB) = (20 + 12) / (200 + 200) = 0.08
1 - pc = 0.92

P'A - P'B ~ N [ 0, sqrt( (0.08)(0.92) (1/200 + 1/200) ) ]

P'A - P'B follows an approximate normal distribution.

Calculate the p-value using the normal distribution:
p-value = 0.1404

Estimated proportion for group A:
p'A = xA / nA = 20 / 200 = 0.1

Estimated proportion for group B:
p'B = xB / nB = 12 / 200 = 0.06

P'A - P'B = 0.1 - 0.06 = 0.04

Half the p-value is below -0.04, and half is above 0.04.

Compare Î± and the p-value: Î± = 0.01 and the p-value = 0.1404.
Î± < p-value.

Make a decision: Since Î± < p-value, do not reject H0.

Conclusion: At a 1% level of significance, from the sample data, there is not sufficient
 evidence to conclude that there is a difference in the proportions of adult patients 
who did not react after 30 minutes to medication A and medication B.

"
Hypothesis Testing,"A research study was conducted about gender differences in â€œsexting.â€ The researcher believed that
the proportion of girls involved in â€œsextingâ€ is less than the proportion of boys involved. The data
collected in the spring of 2010 among a random sample of middle and high school students in a
large school district in the southern United States is summarized in the table. Is the proportion of girls
sending sexts less than the proportion of boys â€œsexting?â€ Test at a 1% level of significance. 

                                            Males     Females
Sent â€œsextsâ€                           183        156
Total number surveyed          2231     2169 ","This is a test of two population proportions. Let M and F be the subscripts for males and females. Then pM and pF are the desired population proportions.

Random variable: p'F - p'M = difference in the proportions of males and females who sent â€œsexts.â€

H0: pF = pMâ€ƒH0: pF â€“ pM = 0
Ha: pF < pMâ€ƒHa: pF â€“ pM < 0

The words â€œless thanâ€ tell you the test is left-tailed.

Distribution for the test: Since this is a test of two population proportions, the distribution is normal:

pc = (xF + xM) / (nF + nM) = (156 + 183) / (2169 + 2231) = 0.077
1 â€“ pc = 0.923

Therefore,

p'F â€“ p'M ~ N [ 0, sqrt( (0.077)(0.923) (1/2169 + 1/2231) ) ]

p'F â€“ p'M follows an approximate normal distribution.

Calculate the p-value using the normal distribution:
p-value = 0.1045

Estimated proportion for females: 0.0719

Estimated proportion for males: 0.082

Decision: Since Î± < p-value, Do not reject H0

Conclusion: At the 1% level of significance, from the sample data, there is not sufficient evidence to conclude that the proportion of girls sending â€œsextsâ€ is less
 than the proportion of boys sending â€œsexts.â€
"
Regression and Correlation,"Is the following an example of a linear equation?
y = â€“0.125 â€“ 3.5x ","Yes,The graph of a linear equation of the form y = a + bx is a straight line. Any line that is not vertical
can be described by this equation. "
Regression and Correlation,"Aaronâ€™s Word Processing Service (AWPS) does word processing. The rate for services is ğŸ’²32 per hour
plus a ğŸ’²31.50 one-time charge. The total cost to a customer depends on the number of hours it takes
to complete the job. Find the equation that expresses the total cost in terms of the number of hours required to
complete the job.","Let x = the number of hours it takes to get the job done.
Let y = the total cost to the customer.
The ğŸ’²31.50 is a fixed cost. If it takes x hours to complete the job, then (32)(x) is the cost of the word
processing only. The total cost is: y = 31.50 + 32x"
Regression and Correlation,"Svetlana tutors to make extra money for college. For each tutoring session, she charges a one-time
fee of ğŸ’²25 plus ğŸ’²15 per hour of tutoring. A linear equation that expresses the total amount of
money Svetlana earns for each session she tutors is y = 25 + 15x.
What are the independent and dependent variables? What is the y-intercept and what is the
slope? Interpret them using complete sentences. ","The independent variable (x) is the number of hours Svetlana tutors each session. The dependent
variable (y) is the amount, in dollars, Svetlana earns for each session.
The y-intercept is 25 (a = 25). At the start of the tutoring session, Svetlana charges a one-time fee
of ğŸ’²25 (this is when x = 0). The slope is 15 (b = 15). For each session, Svetlana earns ğŸ’²15 for each
hour she tutors. "
Regression and Correlation,"Ethan repairs household appliances like dishwashers and refrigerators. For each visit, he charges
ğŸ’²25 plus ğŸ’²20 per hour of work. A linear equation that expresses the total amount of money
Ethan earns per visit is y = 25 + 20x.
What are the independent and dependent variables? What is the y-intercept and what is the
slope? Interpret them using complete sentences. ","The independent variable (x) is the number of hours Ethan works each visit. The dependent
variable (y) is the amount, in dollars, Ethan earns for each visit.
The y-intercept is 25 (a = 25). At the start of a visit, Ethan charges a one-time fee of ğŸ’²25 (this is
when x = 0). The slope is 20 (b = 20). For each visit, Ethan earns ğŸ’²20 for each hour he works. "
Regression and Correlation,"For a given line of best fit, you computed that r = 0.6501 using n = 12 data points and the critical
value is 0.576. Can the line be used for prediction? Why or why not? ","If the scatter plot looks linear then, yes, the line can be used for prediction, because r > the positive
critical value."
Regression and Correlation,"For a given line of best fit, you compute that r = 0.5204 using n = 9 data points, and the critical
value is 0.666. Can the line be used for prediction? Why or why not? ","No, the line cannot be used for prediction, because r < the positive critical value. "
Regression and Correlation,"For the following 13 real estate prices, calculate the IQR and determine if any prices are potential outliers. Prices are in
dollars.
389,950; 230,500; 158,000; 479,000; 639,000; 114,950; 5,500,000; 387,000; 659,000; 529,000; 575,000; 488,800; 1,095,000 ","Order the data from smallest to largest.
114,950; 158,000; 230,500; 387,000; 389,950; 479,000; 488,800; 529,000; 575,000; 639,000; 659,000; 1,095,000; 5,500,000
M = 488,800
Q1 = (230,500 + 387,000) / 2 = 308,750
Q3 = (639,500 + 659,000) / 2 = 649,000
IQR = 649,000 â€“ 308,750 = 340,250
(1.5)(IQR) = (1.5)(340,250) = 510,375
Q1 â€“ (1.5)(IQR) = 308,750 â€“ 510,375 = â€“201,625
Q3 + (1.5)(IQR) = 649,000 + 510,375 = 1,159,375
No house price is less than â€“201,625. However, 5,500,000 is more than 1,159,375. Therefore, 5,500,000 is a potential
outlier. "
Regression and Correlation,"Table gives experimental data for force (N) and velocity (m/s) for an object
suspended in a wind tunnel.

Velocity, v(m/s) | 10 | 20 |  30  |  40  |  50  |   60   |   70   |   80 
Force F(N)        | 24 | 68 | 378 | 552 | 608 | 1218 |  831  |1452

a) use the linear least-squares regression to determine the coefficients a and b in the function yË† = a + bx that best fits the data.
b) estimate the force when the velocity is 55 m/s.","Here n = 8.

n | x | y | x^2 | xy
1 | 10 | 24 | 100 | 240
2 | 20 | 68 | 400 | 1360
3 | 30 | 378 | 900 | 11340
4 | 40 | 552 | 1600 | 22080
5 | 50 | 608 | 2500 | 30400
6 | 60 | 1218 | 3600 | 73080
7 | 70 | 831 | 4900 | 58170
8 | 80 | 1452 | 6400 | 116160
Î£ | 360 | 5131 | 20400 | 312830

xÂ¯ = Î£x / n = 360/8 = 45
yÂ¯ = Î£y / n = 5131/8 = 641.375

b = SSxy / SSxx
where
SSxy = Î£xy - (Î£x)(Î£y) / n = 312830 - (360)(5131) / 8 = 81935
and
SSxx = Î£xÂ² - (Î£x)Â² / n = 20400 - (360)Â² / 8 = 4200
b = SSxy / SSxx = 81935 / 4200 = 19.5083
 we have
a = È³ - báº = 641.375 - (19.5083)(45) = -236.50
Hence
Å· = -236.50 + 19.5083x

b) The estimated value of the force when the velocity is 55 m/s, is given by
Å· = a + bx = -236.50 + 19.5083(55) = 836.4583(N)."
Regression and Correlation,"For the data, calculate the

Velocity, v(m/s) | 10 | 20 |  30  |  40  |  50  |   60   |   70   |   80 
Force F(N)        | 24 | 68 | 378 | 552 | 608 | 1218 |  831  |1452

a) standard deviation of errors, se
b) error sum of squares, SSE
c) total sum of squares, SST
d) regression sum of squares, SSR
e) the coefficient of determination, r^2","n = 8
Î£x = 360
Î£y = 5131
Î£xÂ² = 20400
Î£xy = 312830
Î£yÂ² = 5104841

Mean x = Î£x / n = 360 / 8 = 45
Mean y = Î£y / n = 5131 / 8 = 641.375

CURVE FITTING, REGRESSION, AND CORRELATION 267

SSxy = Î£xy - ((Î£x)(Î£y)) / n
     = 312830 - (360)(5131) / 8
     = 81935

SSxx = Î£xÂ² - (Î£x)Â² / n
     = 20400 - (360)Â² / 8
     = 4200

SSyy = Î£yÂ² - (Î£y)Â² / n
     = 5104841 - (5131)Â² / 8
     = 1813945.875

b = SSxy / SSxx
  = 81935 / 4200
  = 19.5083

a = Mean y - b * Mean x
  = 641.375 - 19.5083x

a) The standard deviation of errors, se
se = square root of ( (SSyy - b * SSxy) / (n - 2) )
= square root of ( (1813945.875 - 19.5083 * 81935) / (8 - 2) )
= 189.5304
b) The error sum of squares, SSE
SSE = Sum of (y - y_hat)^2 = 215530.5833
c) Total sum of squares, SST
SST = SSyy = 1813945.875
d) The regression sum of squares, SSR
SSR = SST - SSE = 1813946.875 - 215530.5833 = 1598415.2917
e) The coefficient of determination, r-squared
r-squared = (b * SSxy) / SSyy = (19.5083 * 81935) / 1813945.875 = 0.8812
"
Regression and Correlation,"Construct a least-squares quadrate approximation to the function f(x) = sin Ï€x
on [0, 1].","The normal equations for Pâ‚‚(x) = aâ‚‚xÂ² + aâ‚x + aâ‚€ are
aâ‚€ âˆ«â‚€Â¹ 1dx + aâ‚ âˆ«â‚€Â¹ x dx + aâ‚‚ âˆ«â‚€Â¹ xÂ² dx = âˆ«â‚€Â¹ sin Ï€x dx (E.1)
aâ‚€ âˆ«â‚€Â¹ x dx + aâ‚ âˆ«â‚€Â¹ xÂ² dx + aâ‚‚ âˆ«â‚€Â¹ xÂ³ dx = âˆ«â‚€Â¹ x sin Ï€x dx (E.2)
aâ‚€ âˆ«â‚€Â¹ xÂ² dx + aâ‚ âˆ«â‚€Â¹ xÂ³ dx + aâ‚‚ âˆ«â‚€Â¹ xâ´ dx = âˆ«â‚€Â¹ xÂ² sin Ï€x dx (E.3)
Performing the integration gives
aâ‚€ + (1/2)aâ‚ + (1/3)aâ‚‚ = 2/Ï€ (E.4)
(1/2)aâ‚€ + (1/3)aâ‚ + (1/4)aâ‚‚ = 1/Ï€ (E.5)
(1/3)aâ‚€ + (1/4)aâ‚ + (1/5)aâ‚‚ = (Ï€Â² - 4)/Ï€Â³ (E.6)
Equations (E.4), (E.5), and (E.6) in three unknowns can be solved to obtain
aâ‚€ = (12Ï€Â² - 120)/Ï€Â³ â‰ˆ -0.050465
and
aâ‚ = -aâ‚‚ = (720 - 60Ï€Â²)/Ï€Â³ â‰ˆ 4.12251
Consequently, the least-squares polynomial approximation of degree 2 for f(x) = sin Ï€x on [0, 1] is Pâ‚‚(x) = -4.12251xÂ² + 4.12251x - 0.050465."
Regression and Correlation,"Use the Gram-Schmidt orthogonalization process to find the first two orthogonal polynomials on [â€“1, 1] 
with respect to the weight function w(x) = 1.","Let
fâ‚€*(x) = 1.

Hence
fâ‚*(x) = x - aâ‚â‚€ fâ‚€*(x)
where
aâ‚â‚€ = [âˆ« from -1 to 1 of x dx] / [âˆ« from -1 to 1 dx] = 0.

or
fâ‚*(x) = x.

The second orthogonal polynomial is given by
fâ‚‚*(x) = xÂ² - aâ‚‚â‚€ fâ‚€*(x) - aâ‚‚â‚ fâ‚*(x)
where
aâ‚‚â‚€ = [âˆ« from -1 to 1 of xÂ² dx] / [âˆ« from -1 to 1 dx] = 1/3,
aâ‚‚â‚ = [âˆ« from -1 to 1 of xÂ²Â·x dx] / [âˆ« from -1 to 1 xÂ² dx] = 0

Hence,
fâ‚‚*(x) = xÂ² - 1/3 = (1/3)(3xÂ² - 1)

Thus, the first two orthogonal polynomials are
fâ‚€*(x) = 1, fâ‚*(x) = x, and fâ‚‚*(x) = (1/3)(3xÂ² - 1)
"
Regression and Correlation,"Determine the equation to the best fitting exponential curve of the form
y = ae^(bx) for the data given in Table 
TABLE
x |  1  |  3  |  5. |  7. |  9  
y |115|105| 95 | 85 | 80","i	xáµ¢	yáµ¢	log yáµ¢	xáµ¢Â²	xáµ¢ log yáµ¢
1	1	115	2.0607	1	2.0607
2	3	105	2.0212	9	6.0636
3	5	95	1.9777	25	9.8886
4	7	85	1.9294	49	13.5059
5	9	80	1.9031	81	17.1278
Î£	25	480	9.8921	165	48.6466

Given y = aÂ·e^{bx}

The normal equations are:

Î£ log yáµ¢ = 5A + B Î£ xáµ¢ (E.1)
Î£ xáµ¢ log yáµ¢ = A Î£ xáµ¢ + B Î£ xáµ¢Â² (E.2)

where A = log a and B = b log e.

Solving the two normal equations (E.1) and (E.2), we get

A = 2.0802 and B = -0.0203

Hence,
a = antilog of A = 10^{2.0802} = 120.2818

and
b = B / log e = -0.0203 / log e = -0.0075

Hence, the fitted equation is
y = 120.2818 Â· e^{-0.0075x}

Let me know if you want any part specifically formatted as a Word equation!

"
Regression and Correlation,"For the data given in Table 6.14, find the equation to best fitting curve of the
form x *y^a= b.
TABLE 6.14
x | 200 | 150 | 100 | 60 | 40 | 10
y |1      | 1.5. |  1.8 | 2.4| 4.1| 6.5. ","x             y        log x        log y        (log x)Â²        (log x)(log y)        Å· (estimated)
200        1        2.3010        0        5.2947        0.0000        1.1762
150        1.5        2.1761        0.1761        4.7354        0.3832        1.4040
100        1.8        2.0000        0.2553        4.0000        0.5105        1.8019
60           2.4        1.7782        0.3802        3.1618        0.6761        2.4675
40           4.1        1.6021        0.6128        2.5666        0.9817        3.1668
10           6.5        1.0000        0.8129        1.0000        0.8129        7.4322
Î£             560        17.3        10.8573        2.2373        20.7585        3.3644

Given
xÂ·yáµƒ = bâ€ƒâ€ƒ(E.1)

Taking logarithms (to the base 10) on both sides of the above Eq. (E.1), we get

log x + a log y = log bâ€ƒâ€ƒ(E.2)

(1/a) log x + log y = (log b)/aâ€ƒâ€ƒ(E.3)

The normal equations are given by

Î£Y = 6A + BÎ£X
Î£XY = AÎ£X + BÎ£XÂ²

(where Y = log y, X = log x, A = (1/a) log b, and B = -1/a)

Solving Eqs. (E.4) and (E.5), we obtain

A = 1.4865 and B = -0.6154

Therefore,
a = -1/B = -1 / -0.6154 = 1.6250
and
b = antilog of (aA) = 10^{(1.6250)(1.4865)} = 260.3529

Hence, the fitted equation is
xÂ·y^{1.6250} = 260.3529

"
Regression and Correlation,"For the data given in Table, find the equation to best fitting curve of the
form y = a * b^x

x |. 1    |.  2   |.  3.  |.   4  |   5
y | 130 | 150 | 175 | 190 | 240","x            y           log y        xÂ²        x log y        Å· (estimated)
1        130        2.1139        1        2.1139        129.2062
2        150        2.1761        4        4.3522        149.5433
3        175        2.2430        9        6.7291        173.0814
4        190        2.2788        16        9.1150        200.3144
5        240        2.3802        25        11.9011        231.8555
Î£        15            885        11.192        55             34.2113

The normal equations are obtained as follows:
y = a*b^x
Taking logarithms (base 10) on both sides of the above Eq. (E.1), we get
log y = log a + x log b (E.2)
or Y = A + Bx (E.3)
where Y = log y, A = log a and B = log b.
Hence, the normal equations are
âˆ‘Y = nA + Bâˆ‘x (E.4)
âˆ‘xY = Aâˆ‘x + Bâˆ‘x^2 (E.5)
Substituting the values from Table 6.9 (a) into Eqs. (E.4) and (E.5), we have
11.1920 = 5A + 15B (E.6)
34.2113 = 15A + 55B (E.7)
Solving Eqs. (E.6) and (E.7), we obtain
A = 2.0478 and B = 0.0635
Hence, a = antilog of A = 10^2.0478 = 111.6349
b = antilog of B = 10^0.0635 = 1.1574
Hence, the fitted equation is y = 111.6349(1.1574)^x. "
Regression and Correlation,"Fit the following data:
x |  0.  |.  2 |.  4 | 6
y | 11  | 16 | 19 | 26
to a straight line by considering that the data (2, 16) and (4, 19) are more significant or reliable with weights 6 and 11 respectively.","Weighted least-squares method.
Let the straight line be y = a + bx. The normal equations are
aâˆ‘wi + bâˆ‘wixi = âˆ‘wiyi (E.1)
and aâˆ‘wixi + bâˆ‘wi *xi ^ 2 = âˆ‘wixiyi (E.2)
The values in Eqs. (E.1) and (E.2) are calculated as shown in Table

x        y        w        wx        wxÂ²        wy        wxy
0        11        1        0            0         11          0
2        16        6        12        24         96        192
4        19      11        44       176       209        836
6        26        1          6         36        26         156
Total.            19        62        236      342        1184

The normal equations are
19a + 62b = 342 (E.3)
62a + 236b = 1184 (E.4)

The solution of Eqs. (E.3) and (E.4) gives
a = 11.4125 and b = 2.0188

Hence,
y = 11.4125 + 2.0188x

x        y        w        Predicted y        Absolute error        (Absolute error)Â²
0        11        1        11.4125               0.4125                     0.1702
2        16        6        15.4500               0.5500                     0.3025
4        19        11       19.4875              0.4875                     0.2377
6        26        1        23.5250               2.4750                      6.1256
Sum of squares of errors                                                     6.8329"
